Downlights;;;;;
Supplier;Name;LumenX Name;Product;;
;;;;;
Rubicon;Aegeon ;Diffused Downlight;https://lighting.rubicon.tech/products/rubicon-aegeon-downlight;;
Rubicon;Lean 153;COB Adjustable Downlight;https://lighting.rubicon.tech/products/rubicon-aegeon-downlight;;
Ledwise;COB-DR;COB Anti-glare Downlight;https://ledwise.co.za/product/cob-dr/;;
Ledwise;X-TF8;Small COB Anti-glare Downlight;https://ledwise.co.za/product/x-tf8/ ;;
Ledwise;COB-R-SQ1;COB Square Downlight;https://ledwise.co.za/product/cob-r-sq1/;;
Ledwise;COB-R-SQ2;COB Square Double Downlight;https://ledwise.co.za/product/cob-r-sq2/ ;;
Ledwise;COB-R-SQ3;COB Square Triple Downlight;https://ledwise.co.za/product/cob-r-sq3/ ;;
Pioled;Sauron;;https://pioledlighting.co.za/product/25-20-18-16w-sauron-3cct-led-round-downlight/ ;;
Pioled;legend;;https://pioledlighting.co.za/product-category/interior-led-lighting/high-powered-downlights-interior-led-lighting/legend-3cct-round-downlights/ ;;
Pioled;GU10;GU10 Downlight;https://pioledlighting.co.za/product-category/interior-led-lighting/gu10-fixtures-and-accessories-interior-led-lighting/ ;;
Pioled;Pakman;Surface Adjustable Downlight;https://pioledlighting.co.za/product-category/interior-led-lighting/tiltable-downlighters/pakman-round-tilt-downlighter/ ;;
Pioled;Mario;;https://pioledlighting.co.za/product/35w-mario-round-tilt-led-downlighter/ ;;


Track;;;;
Supplier;Name;Product;;
Rubicon;Standard;https://lighting.rubicon.tech/products/rubicon-standard-track-light;;
Pioled;Bazuka;https://pioledlighting.co.za/product-category/interior-led-lighting/track-lights-interior-led-lighting/bazuka-3-wire-track-surface-mount-spot/ ;;
Pioled;Blaster;https://pioledlighting.co.za/product/35-30-28w-blaster-3-wire-track-spot-light/ ;;
Pioled;Leda;https://pioledlighting.co.za/product-category/interior-led-lighting/track-lights-interior-led-lighting/leda-3wire-track-tilt-ip20-linears-track-lights-interior-led-lighting/ ;;
Pioled;Snypa;https://pioledlighting.co.za/product-category/interior-led-lighting/track-lights-interior-led-lighting/snypa-track-surface-gu10-fixtures-interior-led-lighting/ ;;
Spazio;3/4 Wire;;;


Vapour proof;;;;
Supplier;Name;Product;;
OrbitX;Neptune;https://www.orbitx.co.za/products/neptune ;;
OrbitX;Titan;https://www.orbitx.co.za/products/titan ;;
Rubicon;Saxa;https://lighting.rubicon.tech/products/rubicon-saxa-triproof?_pos=4&_sid=3dea51d13&_ss=r ;;
Rubicon;Metropolis;https://lighting.rubicon.tech/products/rubicon-metropolis-linear ;;
Ledwise;VP;https://ledwise.co.za/product/vp/;;
Pioled;Kuda;https://pioledlighting.co.za/product-category/interior-led-lighting/linear-lights-interior-led-lighting/ip65-kuda-wattage-selectable-linear-light/ ;;


Linears;;;;
Supplier;Name;Product;;
OrbitX;Puck Seamless;https://www.orbitx.co.za/products/puck-seamless ;;
OrbitX;Puck Profile 70x36;https://www.orbitx.co.za/pdfs/OrbitX-Puck-Profile-70x36-specifications.pdf ;;
OrbitX;Puck Profile 40x43;https://www.orbitx.co.za/pdfs/OrbitX-Puck-Profile-40x43-specifications.pdf ;;
OrbitX;Kepler;https://www.orbitx.co.za/pdfs/OrbitX-Kepler-specifications.pdf ;;
Ledwise;LDS5083;https://ledwise.co.za/product/lds-5083/ ;;
Ledwise;LDR6563;https://ledwise.co.za/product/ldr-6563/ ;;
Ledwise;LRD9063;https://ledwise.co.za/product/ldr-9063-c/ ;;
Ledwise;BASE;https://ledwise.co.za/product/bace/ ;;
Ledwise;ACE;https://ledwise.co.za/product/ace/ ;;
Rubicon;Protega Gen 2;https://lighting.rubicon.tech/products/protega-gen2?_pos=2&_sid=3dea51d13&_ss=r ;;
Rubicon;Thermisto;https://lighting.rubicon.tech/products/themisto-lensed?_pos=16&_sid=3dea51d13&_ss=r ;;
Rubicon;LF40;https://lighting.rubicon.tech/products/light-frame-40?_pos=22&_sid=3dea51d13&_ss=r ;;
Rubicon;LF20;https://lighting.rubicon.tech/products/rubicon-light-frame-20-linear?_pos=15&_sid=3dea51d13&_ss=r ;;
Rubicon;LF55;https://lighting.rubicon.tech/products/light-frame-family-55-55x80-80;;
Pioled;Soniq ;https://pioledlighting.co.za/product-category/interior-led-lighting/linear-lights-interior-led-lighting/soniq-3-wattage-seamless-linkable-linear-lights-linear-lights-interior-led-lighting-interior-led-lighting/soniq-3-wattage-seamless-linkable-linear-lights-linear-lights-interior-led-lighting/ ;;

Panels;;;;
Supplier;Name;Product;;
OrbitX;Puck Panel;;;
Rubicon;Veris;https://lighting.rubicon.tech/products/rubicon-veris-panel ;;
Mez;Dark Light;;;


Highbays;;;;
Supplier;Name;Product;;
OrbitX;Jupiter;;;
Ledwise;ACE;https://ledwise.co.za/product/ace-hp-s/ ;;
Rubicon;Umgeni;https://lighting.rubicon.tech/products/rubicon-umgeni-linear-highbay ;;
Rubicon;Thermisto;https://lighting.rubicon.tech/products/themisto-lensed ;;
Pioled;Delta;https://pioledlighting.co.za/product/240w-padel-delta-3cct-linear-ip65-highbay-sq/ ;;
Pioled;Raptor;https://pioledlighting.co.za/product-category/interior-led-lighting/led-highbays/raptor-3-in-1-ufo-highbay/ ;;


Bulkheads;;;;
Supplier;Name;Product;;
OrbitX;Rhea;https://www.orbitx.co.za/products/rhea-bulkhead ;;
OrbitX;Phoebe;https://www.orbitx.co.za/products/phoebe-bulkhead ;;
OrbitX;Retrofit;;;
Pioled;Hero;https://pioledlighting.co.za/product/hero-all-in-one-bulkhead/ ;;
Pioled;Bunker;https://pioledlighting.co.za/product-category/exterior-led-lighting/exterior-led-lighting-bulkheads/bunker-die-cast-aluminium-bulkhead-exterior-led-lighting-bulkheads/bunker-ip65-4cct-aluminium-bulkhead-bunker-die-cast-aluminium-bulkhead-exterior-led-lighting-bulkheads/ ;;


Floods;;;;
Supplier;Name;Product;;
OrbitX;Flood;https://www.orbitx.co.za/pdfs/OrbitX-Floodlight-small.pdf ;;
LEDVANCE;Performance;;;


Strips;;;;
Supplier;Name;Product;;
OrbitX;COB;;;
Pioled;COB;https://pioledlighting.co.za/product/10w-24v-cob-dotless-strip/ ;;
;;;;
Profiles???;;;;
LBY;Profiles;https://lbyafrica.com/shop/;;


Solar;;;;
Supplier;Name;Product;;
Sunfor;file:///Users/kaylen/Library/Mobile Documents/com~apple~CloudDocs/LumenX/Price Lists/Sunfor Solar LED List (LITH) - July 2026-1.pdf;;;
Superlume;https://www.superlume.co.za/product-page/sky-ele-15-all-in-one-solar-post-top-light;;;
Superlume;https://www.superlume.co.za/product-page/sky-spt-150-solar-post-top-light-self-sustaining-outdoor-lighting;;;
Pioled;https://www.pioledlighting.co.za/product/25w-vista-solar-led-ip66-post-top/;;;


Sensors;;;;
Supplier;Name;Product;;
Steinel;IS 2360 R;https://www.steinel.de/en/group/sensors/motion-detectors/indoor-detectors/is-2360-de-eco-8m-csid-32073.html?listtype=search&searchparam=is%202360 ;;
Steinel;IS 2360 S;https://www.steinel.de/en/group/sensors/motion-detectors/indoor-detectors/is-2360-eco-7m-006556.html?listtype=search&searchparam=is%202360&searchcat=a05bee31b69aa41c812d1270a362bd05 ;;
Steinel;Light Sensor;https://www.steinel.de/en/group/sensors/smart-extensions/photoelectric-lighting-controller/light-sensor-dual-058326.html ;;
Steinel;DualTech;https://www.steinel.de/en/group/sensors/presence-detectors/ultrasonic/dualtech-007997.html ;;
Steinel;IS 3360;https://www.steinel.de/index.php?cl=details&anid=a3275eb7ed0ef688e7367058633e677f&cnid=9b974ce6b4479239b0ab0d6ec259ce74&lang=0&varselid%5b0%5d=69600bc73dda4358a9d4e366a200ba2c&varselid%5b1%5d=5bde920fb82ab28abb3af2180ee1f62d&varselid%5b2%5d=2fc01ec765ec0cb3dcc559126de20b30&varselid%5b3%5d=6f4045cb6a44bfd9ccffe68fe2c6876f;;
Steinel;IS 3360 Highbay;https://www.steinel.de/index.php?cl=details&anid=006b491dc2e7155b928e80b7328cb76d&cnid=8e9358961a49b3394f3828a442d01208&lang=0&varselid%5b0%5d=69600bc73dda4358a9d4e366a200ba2c ;;
Steinel;IS 345 Highbay;https://www.steinel.de/index.php?cl=details&anid=08b52237ba8453a9fb0cfa2a378b77b9&cnid=8e9358961a49b3394f3828a442d01208&lang=0&varselid%5b0%5d=69600bc73dda4358a9d4e366a200ba2c;;
Steinel;Dual HF Corridoor;https://www.steinel.de/en/group/sensors/presence-detectors/high-frequency/dual-hf-002978.html ;;
Steinel;HF 360;https://www.steinel.de/en/group/sensors/presence-detectors/high-frequency/hf-360-079512.html;;
Steinel;IS 2180;https://www.steinel.de/en/group/sensors/motion-detectors/indoor-detectors/is-2180-eco-034702.html?listtype=search&searchparam=is2180&searchcat=a05bee31b69aa41c812d1270a362bd05;;
Steinel;IR Quattro Micro;https://www.steinel.de/en/group/sensors/presence-detectors/passive-infrared/ir-quattro-micro-6m-053789.html ;;
Steinel;IR Quattro HD;https://www.steinel.de/en/group/sensors/presence-detectors/passive-infrared/ir-quattro-hd-24m-002794.html ;;
Steinel;Sens IQ S;https://www.steinel.de/en/group/sensors/motion-detectors/outdoor-detectors/sensiq-s-059613.html?listtype=search&searchparam=sens%20iq&searchcat=a05bee31b69aa41c812d1270a362bd05;;
Steinel;Smart Remote;https://www.steinel.de/en/group/lighting/accessories-spare-parts/remote-controls/remote-control-smart-remote-009151.html ;;
Steinel;Service Remote;https://www.steinel.de/en/group/sensors/smart-extensions/accessories/service-remote-control-rc8-559410.html?listtype=search&searchparam=remotes&searchcat=a05bee31b69aa41c812d1270a362bd05;;

Indoor Decorative;;;;
Supplier;Name;Product;;
KingLong;Cloud Bell;https://www.kinglong-lighting.net/products/cloud-bell-series/;;
KingLong;Pearl Series;https://www.kinglong-lighting.net/products/pearl-series/;;
KingLong;Dream Pen;https://www.kinglong-lighting.net/products/dream-pen-series/#specs;;
KingLong;Jiangnan;https://www.kinglong-lighting.net/products/jiangnan-series/;;
KingLong;Crystal Cloud;https://www.kinglong-lighting.net/products/crystal-cloud-series/;;

Indoor Architectural;;;;
Supplier;Name;Product;;
;;Pendants;;
LEDsC4;Circular;https://ledsc4.com/en/circular-10002;;
LEDsC4;Circular Vertical;https://ledsc4.com/en/circular-vertical-10374;;
LEDsC4;Attic;https://ledsc4.com/en/attic-10009;;
;;Ceiling Light;;
LEDsC4;Vetro;https://ledsc4.com/en/vetro-10124;;
Superlume;Fabric Tape;https://www.superlume.co.za/category/all-products?Product+type=Fabric%20Tape%20Lighting%20Range;;

Outdoor Architectural;;;;
Supplier;Name;Product;;
;;Outdoor Spots;;
LEDsC4;Eko;https://ledsc4.com/en/eko-10141;;
LEDsC4;Cube;https://ledsc4.com/en/cube-spot-10301;;
LEDsC4;Hubble;https://ledsc4.com/en/hubble-10143;;
;;Bollards;;
LEDsC4;Eko;https://ledsc4.com/en/eko-10195;;
LEDsC4;Ele;https://ledsc4.com/en/ele-10311;;
LEDsC4;Modis;https://ledsc4.com/en/modis-10316;;
LEDsC4;Moal;https://ledsc4.com/en/moal-10202;;
LEDsC4;Row;https://ledsc4.com/en/row-10319;;
;;Post top;;
LEDsC4;Ele;https://ledsc4.com/en/ele-10218;;
LEDsC4;Proud;https://ledsc4.com/en/proud-10224;;
LEDsC4;Lyon;https://ledsc4.com/en/lyon-10221;;
LEDsC4;Zig Zag;https://ledsc4.com/en/zigzag-10225;;
LEDsC4;Helion;https://ledsc4.com/en/helion-10219;;
;;In ground;;
LEDsC4;Cube Linear;https://ledsc4.com/en/cube-linear-recessed-10128;;
LEDsC4;Gea Cob;https://ledsc4.com/en/gea-cob-10155;;
;;Wall Lights;;
LEDsC4;Finestra;https://ledsc4.com/en/finestra-10183;;
LEDsC4;Cosmos;https://ledsc4.com/en/cosmos-10172;;
LEDsC4;Afrodita;https://ledsc4.com/en/afrodita-led-10168;;
;;Ceiling Light;;
LEDsC4;Mega;https://ledsc4.com/en/mega-10230;;
;;Pendant;;
LEDsC4;Cisne Colgante;https://ledsc4.com/en/cisne-colgante-10231;;

Outdoor Architectural;;;;
Supplier;Name;Product;;
;;Bollard;;
Superlume;Palm & Coco;https://www.superlume.co.za/category/all-products?Product+type=Fabric%20Tape%20Lighting%20Range;;
Pioled;Fuji Square;https://www.pioledlighting.co.za/product/12w-fuji-ip65-4cct-surface-mount-bollard-square/;;
Pioled;Fuji Round;https://www.pioledlighting.co.za/product/12w-fuji-ip65-4cct-surface-mount-bollard-round/;;
Pioled;Everest Square;https://www.pioledlighting.co.za/product/12w-everest-ip65-4cct-surface-mount-bollard-square/;;
Pioled;Everest Round;https://www.pioledlighting.co.za/product/12w-everest-ip65-4cct-surface-mount-bollard-round/;;
;;Wall Lights;;
Superlume;Square LED Wall;https://www.superlume.co.za/product-page/zod101-led-bl-square-led-wall-light;;
Superlume;Round LED Wall;https://www.superlume.co.za/product-page/zod102-led-bl-coastal-ready-decorative-wall-light;;
;;Post Tops;;
Pioled;Orbit;https://www.pioledlighting.co.za/product/60w-orbit-ip65-post-top-lamp/;;
Pioled;Vista;https://www.pioledlighting.co.za/product/230v-35-20w-vista-led-ip65-post-top/;;
